"image","xmin","ymin","xmax","ymax","label"
"n02112018_10174.jpg",143.25529542920847,57.772172370617696,299.33110367892976,199.95915066777962,"Happy"
"n02112018_10158.jpg",90.58823529411765,66.66666666666667,302.3529411764706,260.3921568627451,"Normal"
"n02112018_10129.jpg",116.01307189542483,62.091503267973856,265.52287581699346,251.63398692810458,"Normal"
"n02112018_10243.jpg",219.62095875139354,59.517823492462306,363.99108138238574,215.14093907035175,"Normal"
"n02112018_10309.jpg",143.6925810620301,155.22875816993465,285.96701715225566,288.39869281045753,"Sad"
"n02112018_11105.jpg",98.52941176470588,113.52941176470588,280.29411764705884,255.29411764705884,"Sad"
"n02112018_1090.jpg",23.07055953557312,125.81699346405229,220.5922986660079,332.51633986928107,"Normal"
"n02112018_10937.jpg",137.21406700288185,49.720588235294116,235.9172370317003,158.52941176470588,"Angry"
"n02112018_10937.jpg",336.06132925072046,203.9264705882353,445.5714157060519,315.61764705882354,"Angry"
"n02112018_11071.jpg",174.47045707915274,56.09938439065108,316.6109253065775,186.01925083472452,"Sad"
"n02112018_11233.jpg",32.8893612132353,51.470588235294116,295.6981847426471,337.41830065359477,"Normal"
"n02112018_12020.jpg",278.49264705882354,113.97058823529413,431.67892156862746,261.64215686274514,"Sad"
"n02112018_1146.jpg",254.59558823529414,95.58823529411765,374.0808823529412,200.36764705882354,"Angry"
"n02112018_1158.jpg",64.25438596491227,47.96732026143791,178.28947368421052,186.60457516339872,"Happy"
"n02112018_11641.jpg",75.98039215686275,106.20915032679738,223.85620915032678,275.3267973856209,"Normal"
"n02112018_12137.jpg",197.61029411764707,80.88235294117648,340.99264705882354,221.2009803921569,"Sad"
"n02112018_12513.jpg",160.84558823529412,24.50980392156863,426.7769607843137,303.921568627451,"Normal"
"n02112018_12493.jpg",69.69440607734806,60.45751633986928,258.57838397790056,218.95424836601305,"Normal"
"n02112018_12519.jpg",195.65217391304347,93.54294912060301,284.83835005574133,243.58817525125625,"Happy"
"n02112018_12405.jpg",183.5171568627451,68.62745098039215,284.6200980392157,194.24019607843138,"Sad"
"n02112018_12953.jpg",220.89460784313727,137.86764705882354,298.10049019607845,232.843137254902,"Normal"
"n02112018_12750.jpg",209.25245098039218,136.6421568627451,281.55637254901967,221.81372549019608,"Normal"
"n02112018_12586.jpg",162.43849938499386,68.85620915032679,255.91943419434196,161.32026143790847,"Happy"
"n02112018_12853.jpg",167.5857843137255,90.07352941176471,323.8357843137255,248.7745098039216,"Normal"
"n02112018_1317.jpg",70.26143790849673,143.79084967320262,299.83660130718954,351.3071895424837,"Normal"
"n02112018_1325.jpg",89.03300200228833,99.67320261437908,261.4059997139588,293.30065359477123,"Happy"
"n02112018_1339.jpg",176.7001114827202,88.82338308457712,344.4816053511706,237.04228855721396,"Normal"
"n02112018_13581.jpg",192.70833333333334,91.29901960784315,334.25245098039215,230.3921568627451,"Happy"
"n02112018_1348.jpg",203.73774509803923,119.48529411764707,310.968137254902,248.7745098039216,"Normal"
"n02112018_13600.jpg",268.6887254901961,131.12745098039215,344.66911764705884,216.91176470588238,"Sad"
"n02112018_13636.jpg",187.19362745098042,166.05392156862746,362.43872549019613,335.171568627451,"Sad"
"n02112018_13636.jpg",149.20343137254903,72.91666666666667,415.1348039215686,350.49019607843144,"Sad"
"n02112018_1380.jpg",42.48366013071895,272.05882352941177,258.16993464052285,445.26143790849676,"Normal"
"n02112018_13691.jpg",71.90635451505017,31.070587311557787,231.32664437012264,233.54797424623115,"Normal"
"n02112018_1389.jpg",236.8877282303371,58.31699346405228,381.5506495786517,247.32026143790847,"Happy"
"n02112018_13930.jpg",227.02205882352942,49.63235294117647,323.2230392156863,162.37745098039215,"Normal"
"n02112018_1462.jpg",138.76260696821515,241.83006535947712,253.90686124694378,386.437908496732,"Happy"
"n02112018_14482.jpg",272.05882352941177,132.35294117647058,430.88235294117646,339.2156862745098,"Normal"
"n02112018_14394.jpg",279.8216276477146,133.7037531407035,379.04124860646596,236.89470791457285,"Happy"
"n02112018_14257.jpg",231.8840579710145,77.41269465488215,340.57971014492756,200.0052872474747,"Happy"
"n02112018_14468.jpg",125.91245676877469,80.88235294117646,284.25633028656125,303.1045751633987,"Happy"
"n02112018_1518.jpg",253.98284313725492,172.79411764705884,390.625,313.1127450980392,"Normal"
"n02112018_1486.jpg",141.23774509803923,63.72549019607844,334.8651960784314,290.44117647058823,"Normal"
"n02112018_1495.jpg",147.9779411764706,83.33333333333334,291.9730392156863,213.8480392156863,"Normal"
"n02112018_1463.jpg",245.4044117647059,60.04901960784314,378.3700980392157,258.578431372549,"Normal"
"n02112018_150.jpg",76.92307692307692,31.582002457002456,155.51839464882943,124.72450859950861,"Angry"
"n02112018_150.jpg",336.6778149386845,34.37070024570025,433.66778149386846,143.129914004914,"Angry"
"n02112018_161.jpg",269.3014705882353,106.61764705882354,390.0122549019608,243.25980392156865,"Normal"
"n02112018_1561.jpg",73.56194690265487,31.687908496732028,256.452802359882,257.9248366013072,"Angry"
"n02112018_1556.jpg",151.8775720164609,76.31372549019609,263.8117283950617,209.1764705882353,"Angry"
"n02112018_1577.jpg",274.81617647058823,53.30882352941177,423.10049019607845,210.171568627451,"Normal"
"n02112018_1584.jpg",70.43347886029412,272.05882352941177,147.15406709558823,378.26797385620915,"Happy"
"n02112018_1621.jpg",214.15441176470588,33.700980392156865,364.2769607843137,191.78921568627453,"Angry"
"n02112018_1611.jpg",214.15441176470588,28.186274509803923,321.3848039215686,117.64705882352942,"Happy"
"n02112018_1611.jpg",225.18382352941177,7.352941176470589,374.0808823529412,166.66666666666666,"Happy"
"n02112018_1612.jpg",63.90406709558823,84.15032679738562,228.77171415441177,261.437908496732,"Normal"
"n02112018_1705.jpg",123.40835724533717,84.64379084967321,286.24910329985653,249.62745098039215,"Normal"
"n02112018_2154.jpg",94.77124183006536,81.69934640522875,267.9738562091503,291.66666666666663,"Happy"
"n02112018_1816.jpg",344.66911764705884,216.29901960784315,472.7328431372549,343.75,"Normal"
"n02112018_1929.jpg",252.14460784313727,96.81372549019609,323.8357843137255,195.46568627450984,"Normal"
"n02112018_1929.jpg",217.8308823529412,68.62745098039215,333.02696078431376,229.77941176470588,"Normal"
"n02112018_1954.jpg",126.63398692810458,44.11764705882353,275.3267973856209,206.69934640522877,"Normal"
"n02112018_2207.jpg",46.430142195767196,151.9607843137255,289.7705302028219,339.0522875816994,"Normal"
"n02112018_2277.jpg",244.79166666666669,121.32352941176471,397.3651960784314,252.45098039215685,"Normal"
"n02112018_2271.jpg",44.42401960784314,64.95098039215686,296.2622549019608,311.2745098039216,"Normal"
"n02112018_2218.jpg",128.1957091611479,64.54248366013071,292.3678945916115,258.16993464052285,"Normal"
"n02112018_2288.jpg",140.0122549019608,143.3823529411765,282.78186274509807,275.12254901960785,"Normal"
"n02112018_249.jpg",215.3736888111888,158.75163398692808,306.2827797202797,290.2287581699346,"Sad"
"n02112018_2483.jpg",206.1887254901961,14.705882352941178,373.468137254902,196.07843137254903,"Normal"
"n02112018_2314.jpg",132.046568627451,53.30882352941177,270.52696078431376,212.00980392156865,"Normal"
"n02112018_2336.jpg",398.0392156862745,312.7450980392157,518.6274509803922,455.88235294117646,"Happy"
"n02112018_2614.jpg",255.09469696969697,49.709150326797385,374.4886363636364,209.14215686274508,"Normal"
"n02112018_2590.jpg",179.8406862745098,153.18627450980392,326.89950980392155,311.27450980392155,"Sad"
"n02112018_2691.jpg",279.718137254902,147.671568627451,374.0808823529412,264.093137254902,"Sad"
"n02112018_2699.jpg",72.32181712962962,71.359477124183,320.26996527777777,333.9346405228758,"Normal"
"n02112018_2711.jpg",272.9779411764706,136.6421568627451,354.4730392156863,230.3921568627451,"Angry"
"n02112018_2728.jpg",212.41830065359477,263.88888888888886,302.2875816993464,375,"Normal"
"n02112018_2786.jpg",168.8963210702341,101.35199434673366,272.0178372352285,180.0002355527638,"Happy"
"n02112018_276.jpg",167.0492433562992,184.640522875817,304.2933378444882,350.4901960784314,"Normal"
"n02112018_2782.jpg",134.24037936681222,42.48366013071895,279.59409115720524,169.9346405228758,"Happy"
"n02112018_2790.jpg",332.84313725490193,195.09803921568627,439.70588235294116,336.27450980392155,"Happy"
"n02112018_2846.jpg",105.0857843137255,100.49019607843138,295.0367647058824,284.31372549019613,"Happy"
"n02112018_2846.jpg",105.0857843137255,100.49019607843138,295.0367647058824,284.31372549019613,"Normal"
"n02112018_2821.jpg",185.35539215686276,136.6421568627451,286.45833333333337,223.65196078431376,"Normal"
"n02112018_2896.jpg",195.77205882352942,139.7058823529412,280.3308823529412,222.4264705882353,"Normal"
"n02112018_2896.jpg",181.67892156862746,126.22549019607844,315.8700980392157,238.35784313725492,"Sad"
"n02112018_2811.jpg",240.1634013385147,199.34640522875816,383.9423305267703,330.06535947712416,"Normal"
"n02112018_290.jpg",221.85061315496097,106.37209484924622,301.0033444816053,194.50274811557787,"Happy"
"n02112018_2931.jpg",263.7867647058824,117.03431372549021,309.1299019607843,179.53431372549022,"Happy"
"n02112018_3033.jpg",119.21465014577258,37.89542483660131,283.9376822157434,200.40849673202612,"Angry"
"n02112018_3064.jpg",109.98774509803923,94.97549019607844,220.28186274509807,210.78431372549022,"Normal"
"n02112018_3090.jpg",115.44440345699832,72.3529411764706,240.80190767284992,220,"Angry"
"n02112018_3126.jpg",134.9114200367647,53.92156862745098,272.84524356617646,236.1111111111111,"Sad"
"n02112018_3126.jpg",104.712890625,26.143790849673202,290.8011259191177,330.88235294117646,"Sad"
"n02112018_3203.jpg",370.1226309921962,162.0271410034602,415.83054626532885,219.40776384083046,"Happy"
"n02112018_3203.jpg",333.3333333333333,145.31433823529412,420.84726867335564,243.3627811418685,"Happy"
"n02112018_3097.jpg",109.98774509803923,95.58823529411765,234.98774509803923,220.58823529411768,"Normal"
"n02112018_3097.jpg",79.35049019607844,23.897058823529413,274.20343137254906,245.0980392156863,"Normal"
"n02112018_3097.jpg",68.93382352941177,1.2254901960784315,298.10049019607845,265.31862745098044,"Normal"
"n02112018_3133.jpg",59.54989303178484,49.83660130718954,214.70881723716383,207.51633986928104,"Normal"
"n02112018_3133.jpg",46.48387836185819,7.352941176470588,266.9728759168704,299.83660130718954,"Normal"
"n02112018_3302.jpg",80.48828125,87.41830065359477,236.53725032216494,244.281045751634,"Happy"
"n02112018_3302.jpg",40.45477609536082,78.43137254901961,266.7666317654639,303.1045751633987,"Happy"
"n02112018_3302.jpg",117.25374516752576,40.03267973856209,280.65580702319585,325.9803921568627,"Happy"
"n02112018_3504.jpg",344.4816053511706,140.39722047738692,411.92865105908584,222.39219535175877,"Normal"
"n02112018_336.jpg",192.70833333333334,212.62254901960785,234.375,259.80392156862746,"Angry"
"n02112018_336.jpg",385.7230392156863,215.07352941176472,430.45343137254906,257.96568627450984,"Sad"
"n02112018_3427.jpg",140.59136977886976,199.46895424836603,237.6429668304668,315.890522875817,"Happy"
"n02112018_3464.jpg",152.2671568627451,121.32352941176471,295.6495098039216,255.51470588235293,"Sad"
"n02112018_3464.jpg",147.36519607843138,96.20098039215686,286.45833333333337,275.12254901960785,"Sad"
"n02112018_3494.jpg",163.296568627451,39.21568627450981,280.3308823529412,159.9264705882353,"Angry"
"n02112018_3494.jpg",148.5906862745098,22.058823529411768,306.0661764705883,207.10784313725492,"Angry"
"n02112018_3532.jpg",236.82598039215688,61.88725490196079,329.9632352941177,201.593137254902,"Normal"
"n02112018_3539.jpg",170.03676470588238,39.82843137254902,280.94362745098044,162.37745098039215,"Normal"
"n02112018_354.jpg",95.51839464882943,50.4034191829485,179.39799331103677,132.69471580817054,"Normal"
"n02112018_3599.jpg",154.71813725490196,115.19607843137256,329.9632352941177,292.89215686274514,"Happy"
"n02112018_3666.jpg",214.04682274247492,104.14093907035175,313.8238573021182,196.17611494974872,"Sad"
"n02112018_3867.jpg",179.18632075471697,111.34803921568627,352.77122641509436,256.66666666666663,"Happy"
"n02112018_3867.jpg",164.72091194968553,66.05392156862744,319.437893081761,301.33169934640523,"Happy"
"n02112018_3812.jpg",147.87581699346404,89.86928104575163,290.0326797385621,264.70588235294116,"Happy"
"n02112018_3812.jpg",131.5359477124183,66.17647058823529,334.1503267973856,294.9346405228758,"Happy"
"n02112018_3737.jpg",168.25265604249668,33.73529411764706,211.43725099601593,95.12745098039215,"Happy"
"n02112018_3917.jpg",184.12990196078434,131.74019607843138,306.0661764705883,240.80882352941177,"Happy"
"n02112018_3917.jpg",156.5563725490196,115.80882352941177,310.35539215686276,275.7352941176471,"Happy"
"n02112018_3742.jpg",155.1093113543788,103.75816993464052,322.5329366089613,282.6797385620915,"Angry"
"n02112018_3742.jpg",126.5247899694501,60.45751633986928,329.883242107943,331.69934640522877,"Angry"
"n02112018_3742.jpg",93.85676552953157,45.751633986928105,335.60014638492873,361.9281045751634,"Angry"
"n02112018_4035.jpg",131.0945178132678,163.4248366013072,245.34513206388203,279.54248366013076,"Happy"
"n02112018_4243.jpg",312.8063725490196,186.27450980392157,381.43382352941177,253.06372549019608,"Normal"
"n02112018_4206.jpg",347.11964549483014,56.130718954248366,466.7651403249631,173.562091503268,"Happy"
"n02112018_4245.jpg",98.6015625,39.12418300653595,207.4197443181818,159.83660130718954,"Normal"
"n02112018_4456.jpg",140.0122549019608,126.22549019607844,253.98284313725492,226.71568627450984,"Sad"
"n02112018_4373.jpg",32.432432432432435,52.544117647058826,150.4864864864865,158.92973856209153,"Angry"
"n02112018_4296.jpg",84.23684210526316,61.59803921568627,189.33157894736843,164.59803921568627,"Happy"
"n02112018_436.jpg",173.10049019607845,194.8529411764706,329.35049019607845,316.1764705882353,"Sad"
"n02112018_4554.jpg",124.08088235294119,205.8823529411765,261.3357843137255,328.43137254901967,"Sad"
"n02112018_4554.jpg",108.14950980392157,158.08823529411765,263.17401960784315,320.46568627450984,"Sad"
"n02112018_4583.jpg",90.85841694537346,106.92988379396985,229.09698996655516,244.1459641959799,"Normal"
"n02112018_4583.jpg",249.72129319955405,117.52787374371859,362.876254180602,239.68365263819095,"Sad"
"n02112018_4639.jpg",94.10259650735294,67.81045751633987,224.6908318014706,218.95424836601308,"Normal"
"n02112018_4639.jpg",94.10259650735294,67.81045751633987,224.6908318014706,218.95424836601308,"Happy"
"n02112018_4639.jpg",95.7349494485294,58.006535947712415,232.0364200367647,350.4901960784313,"Normal"
"n02112018_4639.jpg",95.7349494485294,58.006535947712415,232.0364200367647,350.4901960784313,"Happy"
"n02112018_4586.jpg",183.38907469342251,121.43239635678391,299.33110367892976,220.71882851758792,"Happy"
"n02112018_4597.jpg",167.22408026755852,98.56304962311557,312.1516164994426,221.27661746231155,"Angry"
"n02112018_4597.jpg",149.38684503901897,63.980135050251256,337.2352285395764,229.64345163316582,"Angry"
"n02112018_4644.jpg",55.453431372549026,68.01470588235294,191.48284313725492,175.85784313725492,"Normal"
"n02112018_4644.jpg",71.99754901960785,31.250000000000004,235.60049019607845,220.58823529411765,"Normal"
"n02112018_4813.jpg",53.57795698924731,205.88235294117646,214.56720430107526,404.4117647058823,"Angry"
"n02112018_4815.jpg",50.72463768115942,186.57684682804674,123.74581939799332,264.64028589315524,"Sad"
"n02112018_4815.jpg",54.06911928651059,169.29137103505843,151.05908584169453,267.42826585976627,"Sad"
"n02112018_4840.jpg",210.4779411764706,129.28921568627453,260.7230392156863,194.8529411764706,"Sad"
"n02112018_4840.jpg",203.73774509803923,123.16176470588236,279.718137254902,257.96568627450984,"Sad"
"n02112018_4936.jpg",33.466629846066134,41.591503267973856,69.9318521949829,82.94934640522877,"Happy"
"n02112018_5091.jpg",176.77696078431373,139.09313725490196,269.3014705882353,240.80882352941177,"Happy"
"n02112018_4958.jpg",150.50167224080266,144.30174309045225,208.4726867335563,203.42737123115575,"Normal"
"n02112018_5089.jpg",190.2573529411765,166.66666666666669,313.41911764705884,251.22549019607845,"Sad"
"n02112018_5089.jpg",173.10049019607845,126.83823529411765,317.09558823529414,253.6764705882353,"Sad"
"n02112018_5094.jpg",142.45304802955667,113.9624183006536,325.33482142857144,277.8218954248366,"Sad"
"n02112018_514.jpg",148.7693574958814,64.54248366013071,322.00164744645804,227.12418300653593,"Happy"
"n02112018_514.jpg",142.23228995057661,43.30065359477124,349.7841845140033,308.8235294117647,"Happy"
"n02112018_514.jpg",125.88962108731467,47.38562091503268,357.95551894563425,399.5098039215686,"Happy"
"n02112018_5208.jpg",126.47058823529412,92.54901960784314,186.078431372549,160.39215686274508,"Happy"
"n02112018_5208.jpg",125.29411764705883,78.0392156862745,197.05882352941177,160.7843137254902,"Happy"
"n02112018_5329.jpg",268.0759803921569,127.45098039215688,360.60049019607845,243.87254901960787,"Angry"
"n02112018_5329.jpg",220.89460784313727,129.28921568627453,359.9877450980392,218.75000000000003,"Angry"
"n02112018_5165.jpg",159.0073529411765,85.78431372549021,272.9779411764706,250.61274509803923,"Happy"
"n02112018_5165.jpg",144.3014705882353,68.62745098039215,233.7622549019608,167.89215686274508,"Happy"
"n02112018_5330.jpg",173.71323529411765,142.76960784313727,268.0759803921569,246.32352941176472,"Happy"
"n02112018_5330.jpg",179.8406862745098,131.74019607843138,265.625,287.9901960784314,"Happy"
"n02112018_5330.jpg",166.9730392156863,171.56862745098042,301.77696078431376,248.7745098039216,"Happy"
"n02112018_5317.jpg",258.08249721293197,98.18385074013158,343.36677814938685,177.9157586348684,"Angry"
"n02112018_5317.jpg",244.70457079152732,81.45687705592105,336.6778149386845,179.03089021381578,"Angry"
"n02112018_5367.jpg",259.7547380156076,100.79420540201005,362.876254180602,182.7891802763819,"Happy"
"n02112018_5367.jpg",278.70680044593087,82.38717022613065,366.22073578595314,196.73390389447235,"Happy"
"n02112018_5367.jpg",258.63991081382386,79.04043655778894,316.05351170568565,201.1962154522613,"Happy"
"n02112018_5367.jpg",256.96767001114824,70.11581344221105,360.0891861761427,214.58315012562812,"Happy"
"n02112018_5427.jpg",177.38970588235296,212.00980392156865,288.9093137254902,307.5980392156863,"Normal"
"n02112018_5427.jpg",177.38970588235296,212.00980392156865,288.9093137254902,307.5980392156863,"Angry"
"n02112018_5427.jpg",172.48774509803923,184.43627450980392,264.3995098039216,318.62745098039215,"Normal"
"n02112018_5427.jpg",172.48774509803923,184.43627450980392,264.3995098039216,318.62745098039215,"Angry"
"n02112018_5427.jpg",194.546568627451,166.66666666666669,301.16421568627453,310.6617647058824,"Angry"
"n02112018_5482.jpg",132.93726965601965,124.71895424836602,325.1977119164619,327.4640522875817,"Normal"
"n02112018_5349.jpg",119.56119137353434,179.23366013071896,221.2529836683417,275.5032679738562,"Normal"
"n02112018_5349.jpg",116.43221314907873,158.88398692810458,229.85767378559467,320.89869281045753,"Normal"
"n02112018_5349.jpg",105.48078936348409,161.23202614379085,250.97827680067002,322.4640522875817,"Normal"
"n02112018_541.jpg",146.7553827751196,141.93464052287584,296.67563795853266,287.85620915032683,"Angry"
"n02112018_541.jpg",118.84469696969697,111.63398692810458,322.1939792663477,318.15686274509807,"Angry"
"n02112018_541.jpg",110.87021531100478,90.10457516339869,352.497009569378,354.83660130718954,"Angry"
"n02112018_5540.jpg",152.87990196078434,54.5343137254902,294.4240196078432,177.69607843137257,"Normal"
"n02112018_5540.jpg",149.81617647058823,21.446078431372552,284.00735294117646,183.8235294117647,"Normal"
"n02112018_5540.jpg",213.54166666666669,12.86764705882353,320.1593137254902,194.24019607843138,"Normal"
"n02112018_554.jpg",158.39460784313727,116.421568627451,269.91421568627453,236.5196078431373,"Normal"
"n02112018_554.jpg",182.90441176470588,98.03921568627452,271.1397058823529,233.45588235294122,"Normal"
"n02112018_5554.jpg",139.63235294117646,74.55882352941177,225.66176470588235,146.02941176470588,"Happy"
"n02112018_5554.jpg",132.13235294117646,55.588235294117645,222.13235294117646,176.91176470588235,"Happy"
"n02112018_5554.jpg",144.92647058823528,45,226.54411764705878,150,"Happy"
"n02112018_5560.jpg",377.7573529411765,112.13235294117648,426.77696078431376,150.73529411764707,"Angry"
"n02112018_5560.jpg",359.9877450980392,88.23529411764707,422.4877450980392,156.25,"Angry"
"n02112018_5560.jpg",348.34558823529414,75.98039215686275,416.9730392156863,159.31372549019608,"Angry"
"n02112018_5560.jpg",296.26225490196083,60.661764705882355,426.1642156862746,164.82843137254903,"Angry"
"n02112018_5738.jpg",133.98692810457516,151.1437908496732,283.4967320261438,263.8888888888889,"Normal"
"n02112018_5738.jpg",106.20915032679738,119.28104575163398,301.47058823529414,292.48366013071893,"Normal"
"n02112018_5697.jpg",27.77777777777778,131.5359477124183,166.66666666666666,232.0261437908497,"Normal"
"n02112018_5778.jpg",83.15332512315271,199.34640522875816,191.9119458128079,292.48366013071893,"Normal"
"n02112018_5778.jpg",58.62130541871921,152.77777777777777,221.35036945812806,334.1503267973856,"Normal"
"n02112018_5700.jpg",97.64705882352942,90.58823529411765,189.41176470588238,178.8235294117647,"Normal"
"n02112018_5700.jpg",94.70588235294117,78.23529411764706,201.76470588235293,180.58823529411765,"Normal"
"n02112018_5864.jpg",138.17401960784315,87.62254901960785,250.3063725490196,182.5980392156863,"Angry"
"n02112018_5864.jpg",152.2671568627451,66.1764705882353,249.69362745098042,193.62745098039218,"Angry"
"n02112018_5860.jpg",119.40406709558823,157.6797385620915,261.41877297794116,347.22222222222223,"Happy"
"n02112018_5860.jpg",75.33053768382352,115.19607843137254,275.29377297794116,353.7581699346405,"Happy"
"n02112018_5812.jpg",206.1887254901961,105.39215686274511,301.16421568627453,188.11274509803923,"Sad"
"n02112018_5812.jpg",186.5808823529412,85.17156862745098,315.8700980392157,196.69117647058823,"Sad"
"n02112018_5812.jpg",174.93872549019608,70.4656862745098,308.5171568627451,234.6813725490196,"Sad"
"n02112018_5814.jpg",334.44816053511704,58.960034547738694,441.4715719063545,168.84445665829145,"Normal"
"n02112018_5814.jpg",322.1850613154961,36.09068781407035,453.17725752508363,168.28666771356782,"Normal"
"n02112018_5840.jpg",261.3357843137255,74.1421568627451,407.1691176470589,230.39215686274508,"Happy"
"n02112018_5888.jpg",232.53676470588238,87.00980392156863,285.84558823529414,134.19117647058823,"Sad"
"n02112018_5936.jpg",134.49754901960785,118.87254901960785,257.6593137254902,221.81372549019608,"Sad"
"n02112018_5936.jpg",124.6936274509804,69.24019607843138,263.7867647058824,264.7058823529412,"Sad"
"n02112018_5961.jpg",202.8985507246377,120.8746074120603,350.6131549609811,280.9600345477387,"Normal"
"n02112018_5961.jpg",198.99665551839465,95.21631595477386,385.7302118171683,288.2112908291457,"Normal"
"n02112018_5959.jpg",183.5171568627451,108.45588235294119,288.9093137254902,200.98039215686276,"Sad"
"n02112018_5959.jpg",171.2622549019608,82.72058823529413,295.0367647058824,214.46078431372553,"Sad"
"n02112018_598.jpg",86.70343137254902,101.7156862745098,174.93872549019608,178.30882352941177,"Sad"
"n02112018_598.jpg",99.57107843137256,80.88235294117648,190.25735294117646,187.5,"Sad"
"n02112018_598.jpg",64.64460784313727,92.52450980392157,188.41911764705884,177.08333333333334,"Sad"
"n02112018_6110.jpg",272.9790647921761,179.05555555555557,356.1086491442543,268.8888888888889,"Happy"
"n02112018_6110.jpg",276.64654645476776,157.66666666666669,366.4998471882641,279.8888888888889,"Happy"
"n02112018_6113.jpg",226.86733556298773,115.85450690954774,315.49609810479376,197.29169283919597,"Normal"
"n02112018_6113.jpg",226.30992196209587,95.77410489949749,326.0869565217391,205.65852701005025,"Normal"
"n02112018_612.jpg",129.84073179791977,156.12745098039215,328.9492013372957,353.1454248366013,"Angry"
"n02112018_612.jpg",108.29541233283804,118.95424836601308,360.8957095096583,383.62745098039215,"Angry"
"n02112018_612.jpg",87.49303491827638,85.4983660130719,386.8986812778603,402.9575163398693,"Angry"
"n02112018_6098.jpg",40.849673202614376,128.26797385620915,162.58169934640523,241.01307189542484,"Angry"
"n02112018_6098.jpg",40.849673202614376,128.26797385620915,162.58169934640523,241.01307189542484,"Normal"
"n02112018_6098.jpg",41.666666666666664,109.47712418300654,193.62745098039215,246.73202614379085,"Angry"
"n02112018_6121.jpg",167.5857843137255,129.28921568627453,255.20833333333334,234.06862745098042,"Angry"
"n02112018_6121.jpg",160.84558823529412,123.77450980392157,279.10539215686276,241.421568627451,"Angry"
"n02112018_6149.jpg",162.00457150655023,92.3202614379085,278.7774972707424,209.15032679738562,"Happy"
"n02112018_6149.jpg",128.52422216157206,66.17647058823529,252.64649290393015,214.05228758169932,"Happy"
"n02112018_6182.jpg",273.59068627450984,249.3872549019608,334.2524509803922,326.593137254902,"Sad"
"n02112018_6182.jpg",253.98284313725492,216.29901960784315,345.28186274509807,338.2352941176471,"Sad"
"n02112018_6190.jpg",155.94362745098042,95.58823529411765,313.4191176470589,267.15686274509807,"Happy"
"n02112018_6190.jpg",134.49754901960785,74.1421568627451,312.19362745098044,297.1813725490196,"Happy"
"n02112018_6159.jpg",123.36601307189542,160.13071895424835,253.26797385620915,274.5098039215686,"Normal"
"n02112018_6159.jpg",108.66013071895425,123.36601307189542,218.95424836601308,299.83660130718954,"Normal"
"n02112018_6208.jpg",117.05685618729098,67.38239162457911,270.90301003344484,184.40259364478112,"Normal"
"n02112018_627.jpg",62.091503267973856,140.52287581699346,215.68627450980392,293.30065359477123,"Angry"
"n02112018_6201.jpg",102.94117647058823,141.33986928104574,268.7908496732026,305.55555555555554,"Happy"
"n02112018_6201.jpg",66.17647058823529,125,302.2875816993464,333.33333333333337,"Happy"
"n02112018_6227.jpg",177.25752508361205,159.20741150442478,287.6254180602007,271.8268805309734,"Sad"
"n02112018_6227.jpg",183.94648829431438,118.508296460177,312.1516164994426,264.0215707964602,"Sad"
"n02112018_6214.jpg",324.1830065359477,122.87581699346406,389.5424836601307,181.04575163398692,"Normal"
"n02112018_6214.jpg",294.11764705882354,97.38562091503267,388.2352941176471,190.19607843137254,"Normal"
"n02112018_653.jpg",69.44444444444444,156.86274509803923,197.7124183006536,248.36601307189545,"Happy"
"n02112018_653.jpg",57.18954248366013,111.9281045751634,221.40522875816993,272.05882352941177,"Happy"
"n02112018_6676.jpg",125.5827615780446,241.83006535947712,278.26200686106347,398.6928104575163,"Happy"
"n02112018_6676.jpg",88.0253001715266,214.05228758169935,311.7371355060035,374.1830065359477,"Happy"
"n02112018_6676.jpg",99.45583190394511,196.078431372549,327.25,374.1830065359477,"Happy"
"n02112018_6319.jpg",222.8057391826923,92.3202614379085,351.9403545673077,223.0392156862745,"Happy"
"n02112018_6832.jpg",128.18627450980392,122.54901960784314,232.10784313725492,193.13725490196077,"Happy"
"n02112018_6832.jpg",116.91176470588235,107.35294117647058,247.30392156862743,221.5686274509804,"Happy"
"n02112018_6832.jpg",101.22549019607843,95.09803921568627,317.8921568627451,276.96078431372547,"Happy"
"n02112018_651.jpg",183.5171568627451,123.77450980392157,284.00735294117646,204.04411764705884,"Angry"
"n02112018_651.jpg",157.16911764705884,88.84803921568628,308.51715686274514,215.68627450980392,"Angry"
"n02112018_651.jpg",133.27205882352942,70.4656862745098,268.0759803921569,220.58823529411765,"Angry"
"n02112018_692.jpg",110.82424754299754,141.30718954248366,212.17559889434887,224.86274509803923,"Happy"
"n02112018_692.jpg",93.01097972972973,123.49019607843138,227.53186425061426,229.7777777777778,"Happy"
"n02112018_7103.jpg",225.49019607843138,223.8562091503268,324.34640522875816,335.7843137254902,"Happy"
"n02112018_687.jpg",230.6322655217966,137.31209150326796,290.00346763540296,182.70915032679738,"Angry"
"n02112018_687.jpg",219.99025759577282,124.98202614379085,304.566215323646,196.16013071895424,"Angry"
"n02112018_687.jpg",218.30994055482168,112.65196078431373,302.8858982826949,193.91830065359477,"Angry"
"n02112018_7019.jpg",197.32441471571906,126.45249685929647,271.4604236343367,194.50274811557787,"Happy"
"n02112018_7019.jpg",187.84838350055742,106.92988379396985,285.3957636566332,198.96505967336682,"Happy"
"n02112018_7127.jpg",227.63480392156865,123.16176470588236,314.6446078431373,208.33333333333334,"Angry"
"n02112018_7127.jpg",215.37990196078434,110.90686274509805,318.9338235294118,218.75,"Angry"
"n02112018_7157.jpg",184.71240651709402,123.36601307189542,267.9688167735043,210.7843137254902,"Happy"
"n02112018_7157.jpg",169.203859508547,105.3921568627451,276.1312099358974,223.0392156862745,"Happy"
"n02112018_725.jpg",156.63322185061315,150.43742148241205,241.917502787068,226.85450690954772,"Sad"
"n02112018_725.jpg",142.6978818283166,133.1459641959799,245.26198439241918,232.4323963567839,"Sad"
"n02112018_7460.jpg",122.1779725609756,101.30718954248366,181.82431402439022,152.77777777777777,"Happy"
"n02112018_7460.jpg",96.03163109756098,100.49019607843137,177.7389481707317,200.16339869281046,"Happy"
"n02112018_7460.jpg",87.8608993902439,96.40522875816993,189.9950457317073,341.50326797385617,"Happy"
"n02112018_7552.jpg",229.4730392156863,166.66666666666669,284.0073529411765,210.171568627451,"Normal"
"n02112018_7552.jpg",227.02205882352942,158.70098039215688,293.8112745098039,228.55392156862746,"Normal"
"n02112018_7552.jpg",214.7671568627451,157.47549019607845,303.6151960784314,251.83823529411768,"Normal"
"n02112018_7341.jpg",86.78015776699029,174.01960784313727,189.7820995145631,264.7058823529412,"Normal"
"n02112018_7341.jpg",62.255885922330094,151.9607843137255,210.2189927184466,286.7647058823529,"Normal"
"n02112018_8161.jpg",127.28254437869822,191.99346405228758,258.75,294.93464052287584,"Sad"
"n02112018_8161.jpg",118.30029585798816,177.2875816993464,270.18195266272187,306.37254901960785,"Sad"
"n02112018_8161.jpg",106.86834319526626,151.1437908496732,271.81508875739644,325.98039215686276,"Sad"
"n02112018_7707.jpg",112.3111795774648,303.921568627451,214.42385563380282,375,"Normal"
"n02112018_7707.jpg",110.67737676056338,265.52287581699346,218.50836267605632,388.0718954248366,"Normal"
"n02112018_7707.jpg",100.05765845070422,246.73202614379085,228.3111795774648,402.77777777777777,"Normal"
"n02112018_7802.jpg",104.4643184596577,62.908496732026144,196.74304706601467,138.0718954248366,"Normal"
"n02112018_7802.jpg",84.86529645476773,49.83660130718954,202.45942848410758,250,"Normal"
"n02112018_7953.jpg",65.625,92.64705882352942,102.38970588235294,131.25,"Angry"
"n02112018_7953.jpg",59.742647058823536,85.66176470588236,111.58088235294119,136.39705882352942,"Angry"
"n02112018_7880.jpg",153.90483597285066,197.71241830065358,233.12881787330315,281.0457516339869,"Angry"
"n02112018_7880.jpg",143.28718891402715,187.90849673202615,243.74646493212668,296.5686274509804,"Angry"
"n02112018_7880.jpg",127.76908936651583,166.66666666666666,256.81433823529414,303.1045751633987,"Angry"
"n02112018_7880.jpg",113.06773190045249,150.32679738562092,262.53153280542983,383.1699346405229,"Angry"
"n02112018_8246.jpg",96.43255295429208,144.35194672131146,147.71460423634335,208.45030737704917,"Happy"
"n02112018_8246.jpg",96.43255295429208,132.64702868852459,164.4370122630992,218.48309426229508,"Happy"
"n02112018_8745.jpg",103.57683404558405,98.31372549019608,203.29193376068378,210.87581699346407,"Sad"
"n02112018_8745.jpg",82.9215633903134,89.05228758169935,256.7107371794872,218.7124183006536,"Sad"
"n02112018_863.jpg",180.42324969021064,126.95261437908498,278.936260842627,224.79901960784315,"Normal"
"n02112018_8351.jpg",125.93347886029412,161.76470588235293,190.4114200367647,229.57516339869278,"Normal"
"n02112018_8351.jpg",122.66877297794117,147.87581699346404,193.67612591911762,279.4117647058823,"Normal"
"n02112018_869.jpg",110.92530657748048,74.578125,180.6020066889632,161.5932003768844,"Angry"
"n02112018_869.jpg",102.56410256410257,66.76907977386935,208.47268673355632,177.76907977386935,"Angry"
"n02112018_9028.jpg",179.00535714285715,283.4967320261438,251.73107142857145,324.34640522875816,"Angry"
"n02112018_9028.jpg",165.11392857142857,255.718954248366,268.8910714285714,335.78431372549016,"Angry"
"n02112018_9028.jpg",134.0625,160.94771241830065,288.5025,333.33333333333337,"Happy"
"n02112018_9028.jpg",111.1825,142.9738562091503,340.7996428571429,387.2549019607843,"Happy"
"n02112018_883.jpg",89.86928104575163,178.1045751633987,223.85620915032678,304.73856209150324,"Normal"
"n02112018_883.jpg",89.86928104575163,178.1045751633987,223.85620915032678,304.73856209150324,"Sad"
"n02112018_883.jpg",63.72549019607843,148.69281045751634,236.9281045751634,312.90849673202615,"Sad"
"n02112018_883.jpg",63.72549019607843,148.69281045751634,236.9281045751634,312.90849673202615,"Normal"
"n02112018_888.jpg",161.45833333333334,111.51960784313727,260.1102941176471,202.2058823529412,"Normal"
"n02112018_888.jpg",161.45833333333334,111.51960784313727,260.1102941176471,202.2058823529412,"Sad"
"n02112018_888.jpg",148.5906862745098,84.55882352941177,255.20833333333334,213.8480392156863,"Normal"
"n02112018_888.jpg",148.5906862745098,84.55882352941177,255.20833333333334,213.8480392156863,"Sad"
"n02112018_877.jpg",139.22853957636565,41.18705655258765,222.35005574136005,115.4324655676127,"Angry"
"n02112018_904.jpg",258.27205882352945,80.26960784313727,366.1151960784314,177.69607843137257,"Normal"
"n02112018_904.jpg",251.53186274509807,60.661764705882355,374.0808823529412,196.07843137254903,"Normal"
"n02112018_919.jpg",169.42401960784315,147.05882352941177,247.85539215686276,210.171568627451,"Sad"
"n02112018_9263.jpg",214.04682274247492,85.17611494974874,280.3790412486065,152.66857726130652,"Happy"
"n02112018_9263.jpg",196.7670011148272,72.34696922110552,292.0847268673356,161.0354114321608,"Happy"
"n02112018_9376.jpg",230.0857843137255,128.6764705882353,317.70833333333337,207.10784313725492,"Normal"
"n02112018_9376.jpg",225.796568627451,115.19607843137256,335.4779411764706,219.36274509803923,"Normal"
"n02112018_9376.jpg",209.86519607843138,88.84803921568628,348.95833333333337,237.13235294117646,"Normal"
"n02112018_9753.jpg",212.92892156862746,124.38725490196079,297.4877450980392,218.75,"Happy"
"n02112018_9753.jpg",191.48284313725492,113.3578431372549,317.70833333333337,224.26470588235296,"Happy"
"n02112018_9753.jpg",183.5171568627451,96.81372549019609,326.8995098039216,247.54901960784315,"Happy"
"n02112018_938.jpg",169.42401960784315,146.44607843137257,258.27205882352945,233.45588235294122,"Normal"
"n02112018_938.jpg",146.13970588235296,112.74509803921569,272.9779411764706,248.77450980392157,"Normal"
"n02112018_9926.jpg",203.45596432552955,80.7561289983165,254.18060200668896,121.43458017676767,"Angry"
"n02112018_9926.jpg",183.94648829431438,77.9699337121212,257.52508361204013,131.4648832070707,"Angry"
"n02112018_9791.jpg",187.09150326797385,287.58169934640523,261.437908496732,363.562091503268,"Happy"
"n02112018_9791.jpg",173.20261437908496,272.87581699346407,274.5098039215686,373.36601307189545,"Happy"
"pomeranian_1.jpg",66.81503099173554,171.5686274509804,187.66131198347108,276.1437908496732,"Sad"
"pomeranian_1.jpg",40.68610537190082,143.79084967320262,210.52412190082643,282.67973856209153,"Sad"
"n02112018_9861.jpg",214.57741477272728,144.55228758169935,346.8826095779221,247.687908496732,"Angry"
"n02112018_9861.jpg",195.0968952922078,123.43790849673202,392.33715503246754,281.7957516339869,"Angry"
"pomeranian_10.jpg",250.83612040133778,95.77410489949749,323.2998885172798,158.2464667085427,"Normal"
"pomeranian_10.jpg",236.90078037904124,82.38717022613065,337.2352285395764,171.07561243718592,"Normal"
"pomeranian_104.jpg",181.06617647058826,143.9950980392157,263.7867647058824,212.00980392156862,"Normal"
"pomeranian_104.jpg",164.52205882352942,128.6764705882353,282.16911764705884,226.71568627450984,"Normal"
"pomeranian_101.jpg",157.78186274509804,169.73039215686276,207.4142156862745,200.36764705882354,"Angry"
"pomeranian_101.jpg",144.91421568627453,134.19117647058823,217.218137254902,203.4313725490196,"Happy"
"pomeranian_101.jpg",131.43382352941177,113.97058823529413,250.91911764705884,221.20098039215688,"Happy"
"pomeranian_100.jpg",253.3700980392157,135.41666666666669,337.92892156862746,227.94117647058826,"Happy"
"pomeranian_100.jpg",239.27696078431373,118.87254901960785,347.7328431372549,234.0686274509804,"Happy"
"pomeranian_100.jpg",220.28186274509807,153.18627450980392,361.2132352941177,219.97549019607845,"Happy"
"pomeranian_102.jpg",203.73774509803923,134.19117647058823,258.8848039215686,199.14215686274508,"Happy"
"pomeranian_102.jpg",196.38480392156865,118.87254901960785,272.3651960784314,207.72058823529414,"Happy"
"pomeranian_102.jpg",184.74264705882354,88.23529411764707,274.81617647058823,226.71568627450984,"Happy"
"pomeranian_103.jpg",302.8460472578763,135.91666666666669,360.60567386231037,194.25000000000003,"Happy"
"pomeranian_103.jpg",297.0117415402567,116.66666666666667,367.6068407234539,209.41666666666669,"Happy"
"pomeranian_103.jpg",289.42714410735124,105.58333333333334,375.1914381563594,214.66666666666669,"Happy"
"pomeranian_105.jpg",154.41176470588235,145.4248366013072,236.9281045751634,194.44444444444446,"Angry"
"pomeranian_105.jpg",138.88888888888889,105.3921568627451,235.2941176470588,198.52941176470588,"Normal"
"pomeranian_105.jpg",135.62091503267973,76.79738562091504,246.73202614379085,217.3202614379085,"Normal"
"pomeranian_108.jpg",203.73774509803923,131.74019607843138,317.09558823529414,227.94117647058823,"Sad"
"pomeranian_108.jpg",185.96813725490196,102.32843137254903,322.6102941176471,235.90686274509807,"Sad"
"pomeranian_108.jpg",162.68382352941177,91.29901960784315,345.89460784313724,266.54411764705884,"Sad"
"pomeranian_109.jpg",207.35785953177256,115.76132550335569,269.2307692307692,172.5801174496644,"Happy"
"pomeranian_109.jpg",198.99665551839465,101.27810402684564,311.59420289855075,179.26468120805367,"Happy"
"pomeranian_109.jpg",184.50390189520624,99.60696308724832,284.83835005574133,193.74790268456377,"Happy"
"pomeranian_109.jpg",216.27647714604237,82.3385067114094,304.3478260869565,223.27139261744966,"Happy"
"pomeranian_109.jpg",149.38684503901897,115.20427852348993,302.11817168338905,206.00293624161074,"Happy"
"pomeranian_107.jpg",207.91527313266442,110.27661746231155,265.32887402452616,166.05551193467335,"Happy"
"pomeranian_107.jpg",198.99665551839465,95.21631595477386,267.0011148272018,177.76907977386935,"Happy"
"pomeranian_106.jpg",293.75696767001114,111.39219535175879,338.90746934225194,150.99521042713567,"Normal"
"pomeranian_106.jpg",279.8216276477146,87.96505967336682,351.17056856187287,171.0756124371859,"Normal"
"pomeranian_106.jpg",263.09921962095876,86.29169283919597,354.5150501672241,199.52284861809045,"Happy"
"pomeranian_112.jpg",43.812709030100336,61.711948529411764,123.07692307692308,128.60270483193275,"Normal"
"pomeranian_113.jpg",142.8308823529412,96.32352941176471,192.09558823529414,150.73529411764707,"Happy"
"pomeranian_11.jpg",233.5562987736901,139.71434563758388,305.4626532887403,209.90226510067112,"Happy"
"pomeranian_110.jpg",294.314381270903,173.86455716080403,365.66332218506136,234.6635521356784,"Normal"
"pomeranian_110.jpg",280.9364548494983,160.47762248743717,384.05797101449275,261.99521042713565,"Normal"
"pomeranian_110.jpg",274.80490523968786,146.53289886934672,376.81159420289856,268.6886777638191,"Normal"
"pomeranian_111.jpg",106.7600723140496,31.831699346405227,165.02453512396696,77.30555555555556,"Normal"
"pomeranian_117.jpg",160.65459735576923,53.92156862745098,223.9142127403846,117.6470588235294,"Happy"
"pomeranian_117.jpg",152.8084435096154,41.666666666666664,234.21228966346155,127.45098039215685,"Happy"
"pomeranian_117.jpg",144.96228966346152,20.098039215686274,243.03921274038458,135.2941176470588,"Happy"
"pomeranian_116.jpg",50,110.29411764705881,102.94117647058823,156.37254901960785,"Angry"
"pomeranian_115.jpg",158.9467005076142,58.25,212.246192893401,126.01797385620915,"Happy"
"pomeranian_114.jpg",48.259436881188115,88.72549019607843,106.09112004950495,142.15686274509804,"Angry"
"pomeranian_118.jpg",88.96739130434783,107.79084967320262,143.75,161.68627450980392,"Happy"
"pomeranian_118.jpg",81.57608695652173,97.359477124183,145.05434782608694,160.38235294117646,"Happy"
"pomeranian_118.jpg",74.6195652173913,80.84313725490196,173.75,171.6830065359477,"Happy"
"pomeranian_119.jpg",121.13970588235296,97.05882352941177,187.68382352941177,156.98529411764707,"Happy"
"pomeranian_119.jpg",113.0514705882353,86.76470588235294,195.4044117647059,162.5,"Happy"
"pomeranian_119.jpg",107.90441176470588,71.32352941176471,201.28676470588238,168.38235294117646,"Happy"
"pomeranian_121.jpg",45.20217161016949,68.13725490196079,122.59539194915254,135.7843137254902,"Normal"
"pomeranian_121.jpg",40.30386652542373,58.8235294117647,132.3920021186441,145.58823529411765,"Normal"
"pomeranian_121.jpg",31.97674788135593,43.627450980392155,142.67844279661017,159.31372549019608,"Normal"
"pomeranian_120.jpg",90.03253534704369,47.04575163398693,141.70348650385603,91.39215686274511,"Angry"
"pomeranian_12.jpg",208.02696078431373,184.43627450980392,310.968137254902,275.12254901960785,"Angry"
"pomeranian_12.jpg",196.38480392156865,147.05882352941177,329.35049019607845,268.9950980392157,"Angry"
"pomeranian_12.jpg",195.77205882352942,112.13235294117648,339.7671568627451,289.82843137254906,"Angry"
"pomeranian_12.jpg",192.09558823529414,83.33333333333334,394.9142156862746,307.5980392156863,"Angry"
"pomeranian_122.jpg",121.03365384615385,126.34313725490196,184.0144230769231,181.10784313725492,"Happy"
"pomeranian_122.jpg",117.1875,113.37254901960785,195.5528846153846,190.7156862745098,"Happy"
"pomeranian_122.jpg",108.05288461538461,102.32352941176471,200.3605769230769,198.40196078431373,"Happy"
"pomeranian_123.jpg",120.03676470588236,80.88235294117648,190.25735294117646,145.58823529411768,"Happy"
"pomeranian_123.jpg",104.59558823529413,63.235294117647065,209.0073529411765,156.98529411764707,"Happy"
"pomeranian_125.jpg",110.54555084745763,117.58169934640523,163.6302966101695,176.1437908496732,"Angry"
"pomeranian_125.jpg",98.64724576271186,111.17647058823529,180.5625,183.921568627451,"Angry"
"pomeranian_124.jpg",106.43382352941177,118.01470588235296,159.00735294117646,172.05882352941177,"Sad"
"pomeranian_124.jpg",106.43382352941177,101.83823529411765,179.96323529411765,175,"Sad"
"pomeranian_126.jpg",115.62500000000001,93.38235294117648,168.56617647058826,129.41176470588238,"Angry"
"pomeranian_127.jpg",112.25490196078431,109.31372549019608,165.19607843137254,163.23529411764707,"Sad"
"pomeranian_127.jpg",104.90196078431372,101.47058823529412,174.50980392156862,169.11764705882354,"Sad"
"pomeranian_131.jpg",143.93382352941177,52.20588235294118,192.8308823529412,119.48529411764707,"Happy"
"pomeranian_131.jpg",132.53676470588238,47.05882352941177,201.28676470588238,125.36764705882354,"Happy"
"pomeranian_131.jpg",121.87500000000001,34.19117647058824,205.33088235294122,138.23529411764707,"Happy"
"pomeranian_130.jpg",143.05755537974684,44.6078431372549,207.74471632007234,122.05882352941177,"Normal"
"pomeranian_130.jpg",129.33603639240505,34.80392156862745,208.72482481916816,155.39215686274508,"Normal"
"pomeranian_128.jpg",50.80078125,103.4313725490196,142.99308894230768,191.66666666666666,"Happy"
"pomeranian_128.jpg",35.10847355769231,94.6078431372549,153.78155048076923,204.9019607843137,"Happy"
"pomeranian_129.jpg",119.61982194767442,88.12745098039215,195.49191497093022,172.328431372549,"Happy"
"pomeranian_129.jpg",108.71865915697674,75.91176470588235,212.06168241279067,184.10784313725492,"Happy"
"pomeranian_129.jpg",101.30586845930233,66.75,233.42796148255815,225.55392156862746,"Happy"
"pomeranian_13.jpg",147.9779411764706,101.7156862745098,231.31127450980395,178.30882352941177,"Happy"
"pomeranian_133.jpg",127.401941362916,111.74019607843137,200.14362123613313,188.2941176470588,"Happy"
"pomeranian_133.jpg",118.84409667194929,98.42647058823529,210.6032091917591,195.9019607843137,"Happy"
"pomeranian_134.jpg",16.08319256756757,57.13725490196079,91.89400337837839,113.86928104575163,"Happy"
"pomeranian_134.jpg",15.272381756756758,44.169934640522875,87.83994932432432,120.35294117647058,"Happy"
"pomeranian_132.jpg",132.77645861601084,50.8578431372549,194.24185888738126,107.81862745098039,"Happy"
"pomeranian_132.jpg",129.1129579375848,35.80392156862745,222.73575305291723,143.62254901960785,"Happy"
"pomeranian_135.jpg",64.60393258426967,81.86274509803921,145.92528089887642,167.15686274509804,"Happy"
"pomeranian_135.jpg",51.86685393258427,70.09803921568627,154.7432584269663,176.47058823529412,"Happy"
"pomeranian_136.jpg",62.7226045115894,92.33823529411764,140.8682998758278,170.5081699346405,"Angry"
"pomeranian_136.jpg",42.69777007450331,83.05555555555556,141.8451210678808,177.34803921568627,"Angry"
"pomeranian_136.jpg",25.11498861754967,58.627450980392155,181.89478994205297,204.70751633986927,"Angry"
"pomeranian_137.jpg",104.59558823529413,73.16176470588236,174.0808823529412,139.33823529411768,"Sad"
"pomeranian_137.jpg",93.56617647058825,64.33823529411765,188.0514705882353,154.7794117647059,"Sad"
"pomeranian_140.jpg",153.49264705882354,78.6764705882353,219.66911764705884,136.39705882352942,"Normal"
"pomeranian_138.jpg",203.6789297658863,71.73558484349259,241.80602006688963,115.21169686985174,"Normal"
"pomeranian_138.jpg",203.6789297658863,71.73558484349259,241.80602006688963,115.21169686985174,"Happy"
"pomeranian_141.jpg",112.31617647058825,111.39705882352942,156.43382352941177,150.36764705882354,"Angry"
"pomeranian_141.jpg",105.33088235294119,102.94117647058825,160.4779411764706,154.7794117647059,"Angry"
"pomeranian_14.jpg",171.2622549019608,159.9264705882353,335.4779411764706,281.25,"Happy"
"pomeranian_14.jpg",171.2622549019608,159.9264705882353,335.4779411764706,281.25,"Sad"
"pomeranian_14.jpg",152.87990196078434,135.41666666666669,372.85539215686276,284.31372549019613,"Sad"
"pomeranian_14.jpg",152.87990196078434,135.41666666666669,372.85539215686276,284.31372549019613,"Happy"
"pomeranian_145.jpg",98.52941176470588,116.66666666666666,172.54901960784315,201.4705882352941,"Happy"
"pomeranian_145.jpg",86.27450980392156,111.27450980392156,187.2549019607843,222.05882352941177,"Happy"
"pomeranian_144.jpg",37.990196078431374,61.27450980392157,116.91176470588235,131.37254901960785,"Angry"
"pomeranian_144.jpg",3.676470588235294,29.901960784313726,148.77450980392157,139.70588235294116,"Angry"
"pomeranian_142.jpg",125.18382352941177,66.1764705882353,172.61029411764707,106.61764705882354,"Angry"
"pomeranian_143.jpg",120.77205882352942,38.23529411764706,177.02205882352942,95.22058823529412,"Angry"
"pomeranian_143.jpg",112.68382352941177,30.88235294117647,182.16911764705884,107.35294117647058,"Angry"
"pomeranian_146.jpg",16.72794117647059,63.235294117647065,63.78676470588236,115.07352941176472,"Happy"
"pomeranian_146.jpg",10.845588235294118,57.352941176470594,84.375,122.79411764705884,"Happy"
"pomeranian_148.jpg",103.12500000000001,60.294117647058826,155.69852941176472,110.29411764705883,"Normal"
"pomeranian_148.jpg",97.24264705882354,40.44117647058824,165.25735294117646,121.32352941176472,"Normal"
"pomeranian_149.jpg",103.12500000000001,73.16176470588236,169.3014705882353,126.47058823529413,"Normal"
"pomeranian_149.jpg",95.77205882352942,53.6764705882353,176.6544117647059,146.69117647058823,"Normal"
"pomeranian_147.jpg",114.41514542079207,126.96078431372548,201.6527691831683,214.21568627450978,"Normal"
"pomeranian_147.jpg",93.3408879950495,101.96078431372548,200.18247215346534,228.92156862745097,"Normal"
"pomeranian_15.jpg",207.41421568627453,135.41666666666669,288.9093137254902,200.98039215686276,"Happy"
"pomeranian_15.jpg",187.8063725490196,117.03431372549021,287.68382352941177,210.171568627451,"Happy"
"pomeranian_150.jpg",86.27450980392156,83.8235294117647,152.94117647058823,150,"Happy"
"pomeranian_150.jpg",78.4313725490196,73.0392156862745,158.8235294117647,160.78431372549016,"Happy"
"pomeranian_150.jpg",73.0392156862745,62.25490196078431,162.7450980392157,231.8627450980392,"Happy"
"pomeranian_153.jpg",109.74264705882354,83.82352941176471,179.96323529411765,146.32352941176472,"Angry"
"pomeranian_152.jpg",153.49264705882354,66.54411764705883,221.50735294117646,120.58823529411765,"Normal"
"pomeranian_155.jpg",118.19852941176471,72.4264705882353,180.3308823529412,140.80882352941177,"Happy"
"pomeranian_155.jpg",107.90441176470588,57.352941176470594,192.8308823529412,155.14705882352942,"Happy"
"pomeranian_151.jpg",125.91911764705883,70.58823529411765,171.50735294117646,117.64705882352942,"Normal"
"pomeranian_151.jpg",115.99264705882354,60.294117647058826,176.65441176470588,131.61764705882354,"Normal"
"pomeranian_154.jpg",97.94117647058825,47.64705882352941,155.82352941176472,93.1764705882353,"Normal"
"pomeranian_154.jpg",89.82352941176471,36,170.64705882352942,109.41176470588236,"Normal"
"pomeranian_159.jpg",115.62500000000001,90.44117647058825,186.94852941176472,166.1764705882353,"Angry"
"pomeranian_159.jpg",104.2279411764706,83.45588235294119,192.46323529411768,176.47058823529414,"Angry"
"pomeranian_159.jpg",96.13970588235294,75.73529411764706,212.31617647058823,182.3529411764706,"Angry"
"pomeranian_16.jpg",166.75554607508533,121.68627450980392,243.54735494880546,203,"Angry"
"pomeranian_16.jpg",150.25952787258248,114.29411764705883,252.07977815699658,209.2549019607843,"Angry"
"pomeranian_16.jpg",137.7453071672355,105.19607843137254,227.0513367463026,206.41176470588235,"Angry"
"pomeranian_16.jpg",182.68273606370875,84.72549019607843,254.9239192263936,171.72549019607843,"Angry"
"pomeranian_157.jpg",46.3235294117647,64.70588235294117,112.99019607843135,142.15686274509804,"Normal"
"pomeranian_157.jpg",34.068627450980394,52.45098039215686,131.61764705882354,163.72549019607843,"Normal"
"pomeranian_157.jpg",27.205882352941174,44.11764705882353,158.08823529411762,190.68627450980392,"Normal"
"pomeranian_158.jpg",89.9029365904366,73.0392156862745,151.72414241164242,124.50980392156862,"Normal"
"pomeranian_158.jpg",64.38942307692308,63.23529411764706,159.57445426195426,143.62745098039215,"Normal"
"pomeranian_158.jpg",71.25844594594595,52.94117647058823,164.48089916839916,164.21568627450978,"Normal"
"pomeranian_156.jpg",120.77205882352942,72.79411764705883,184.0073529411765,124.63235294117648,"Normal"
"pomeranian_156.jpg",115.99264705882354,64.70588235294119,201.28676470588238,131.25,"Normal"
"pomeranian_156.jpg",110.84558823529413,52.57352941176471,206.8014705882353,152.2058823529412,"Normal"
"pomeranian_162.jpg",31.34126655629139,62.25490196078431,108.77173013245033,127.94117647058823,"Happy"
"pomeranian_162.jpg",22.030008278145697,50,117.1028559602649,144.60784313725492,"Happy"
"pomeranian_164.jpg",156.70541158536585,77.96078431372548,220.7298018292683,144.20915032679738,"Happy"
"pomeranian_164.jpg",148.65663109756096,67.34640522875817,230.2419969512195,150.4313725490196,"Happy"
"pomeranian_164.jpg",138.046875,56.73202614379085,232.437118902439,160.6797385620915,"Happy"
"pomeranian_160.jpg",140.39412313432837,104.31699346405229,216.06576492537314,181.3235294117647,"Sad"
"pomeranian_160.jpg",125.17024253731344,95.81045751633987,223.22994402985074,191.17320261437908,"Sad"
"pomeranian_161.jpg",122.07357859531773,68.89632107023411,196.32107023411373,146.15384615384613,"Happy"
"pomeranian_161.jpg",116.72240802675586,52.508361204013376,198.66220735785953,150.83612040133778,"Happy"
"pomeranian_163.jpg",30.15003015681544,55.947712418300654,87.87017490952955,109.44771241830065,"Sad"
"pomeranian_163.jpg",27.701296743063935,49.303921568627445,98.71456574185767,122.03594771241829,"Sad"
"pomeranian_163.jpg",25.252563329312427,44.408496732026144,126.35027141133897,161.54901960784312,"Normal"
"pomeranian_166.jpg",59.38382448186529,63.23529411764706,137.7257933937824,146.5686274509804,"Normal"
"pomeranian_166.jpg",50.57035297927462,43.13725490196078,152.41491256476684,159.80392156862743,"Normal"
"pomeranian_169.jpg",61.643552483069975,48.03921568627451,112.5871190744921,97.54901960784314,"Normal"
"pomeranian_169.jpg",61.643552483069975,48.03921568627451,112.5871190744921,97.54901960784314,"Happy"
"pomeranian_169.jpg",52.8263967268623,36.76470588235294,138.05890237020316,135.29411764705884,"Happy"
"pomeranian_169.jpg",52.8263967268623,36.76470588235294,138.05890237020316,135.29411764705884,"Normal"
"pomeranian_165.jpg",61.42424123904881,50.42156862745098,121.6745541301627,122.24509803921569,"Normal"
"pomeranian_165.jpg",54.891074780976226,47.15686274509804,133.2890722778473,132.0392156862745,"Normal"
"pomeranian_167.jpg",90.67212656529517,96.56862745098039,167.13724284436495,187.2549019607843,"Happy"
"pomeranian_167.jpg",79.88858452593918,84.80392156862744,186.25352191413236,196.078431372549,"Happy"
"pomeranian_168.jpg",145.48494983277592,67.05354200988468,181.27090301003346,102.50329489291599,"Normal"
"pomeranian_168.jpg",139.1304347826087,63.04036243822076,185.95317725752508,116.21499176276771,"Normal"
"pomeranian_168.jpg",132.10702341137124,57.02059308072488,194.31438127090303,124.57578253706755,"Normal"
"pomeranian_172.jpg",69.24019607843137,41.91176470588235,111.88725490196077,89.95098039215685,"Happy"
"pomeranian_172.jpg",65.31862745098039,38.23529411764706,129.2892156862745,95.34313725490196,"Happy"
"pomeranian_170.jpg",60.29411764705882,111.76470588235294,160.2941176470588,198.52941176470588,"Normal"
"pomeranian_170.jpg",60.29411764705882,111.76470588235294,160.2941176470588,198.52941176470588,"Sad"
"pomeranian_170.jpg",50.98039215686274,93.13725490196079,165.19607843137254,217.6470588235294,"Sad"
"pomeranian_171.jpg",44.11764705882353,78.92156862745098,106.86274509803921,137.2549019607843,"Normal"
"pomeranian_171.jpg",40.19607843137255,71.07843137254902,133.33333333333334,152.45098039215685,"Normal"
"pomeranian_173.jpg",92.15686274509804,68.13725490196079,150,125,"Angry"
"pomeranian_173.jpg",78.4313725490196,53.431372549019606,153.92156862745097,139.70588235294116,"Angry"
"pomeranian_173.jpg",76.47058823529412,41.666666666666664,174.01960784313724,152.94117647058823,"Angry"
"pomeranian_17.jpg",173.71323529411765,203.4313725490196,340.3799019607843,336.3970588235294,"Happy"
"pomeranian_17.jpg",144.91421568627453,179.53431372549022,377.1446078431373,357.23039215686276,"Happy"
"pomeranian_176.jpg",114.88970588235296,68.01470588235294,161.5808823529412,109.55882352941177,"Normal"
"pomeranian_176.jpg",107.16911764705883,57.72058823529412,167.8308823529412,123.16176470588238,"Normal"
"pomeranian_178.jpg",87.56448202959831,82.63398692810458,145.61099365750528,138.45588235294116,"Happy"
"pomeranian_178.jpg",73.05285412262157,69.44771241830065,159.2431289640592,167.0261437908497,"Normal"
"pomeranian_177.jpg",143.81270903010034,52.33855024711697,190.96989966555185,88.45716639209226,"Normal"
"pomeranian_177.jpg",141.80602006688963,44.646622734761124,190.96989966555185,99.49341021416805,"Normal"
"pomeranian_174.jpg",114.15441176470588,81.25,177.75735294117646,133.08823529411765,"Angry"
"pomeranian_174.jpg",109.37500000000001,69.8529411764706,189.88970588235296,142.64705882352942,"Angry"
"pomeranian_174.jpg",98.34558823529413,61.76470588235294,195.4044117647059,158.08823529411765,"Angry"
"pomeranian_179.jpg",92.83088235294119,85.66176470588236,188.0514705882353,154.7794117647059,"Normal"
"pomeranian_179.jpg",82.90441176470588,75,190.99264705882354,163.97058823529414,"Normal"
"pomeranian_180.jpg",61.56808574879227,71.07843137254902,147.86760265700485,146.078431372549,"Normal"
"pomeranian_180.jpg",55.68402777777778,62.745098039215684,133.6477958937198,139.2156862745098,"Normal"
"pomeranian_180.jpg",46.36760265700483,49.509803921568626,143.45455917874398,152.45098039215685,"Normal"
"pomeranian_182.jpg",106.3571750902527,99.66666666666667,199.7687274368231,195.27450980392157,"Angry"
"pomeranian_182.jpg",100.03948555956678,92.45098039215686,212.85537003610108,201.58823529411765,"Angry"
"pomeranian_181.jpg",83.63970588235294,65.80882352941177,170.77205882352942,146.69117647058823,"Angry"
"pomeranian_18.jpg",350.18382352941177,88.84803921568628,424.32598039215685,170.9558823529412,"Normal"
"pomeranian_18.jpg",334.8651960784314,77.8186274509804,428.6151960784314,177.69607843137257,"Normal"
"pomeranian_18.jpg",317.09558823529414,72.91666666666667,422.4877450980392,177.69607843137254,"Normal"
"pomeranian_183.jpg",86.58088235294119,120.58823529411765,154.2279411764706,187.86764705882354,"Angry"
"pomeranian_183.jpg",77.38970588235294,108.45588235294119,162.68382352941177,194.11764705882354,"Angry"
"pomeranian_184.jpg",114.84461069915254,95.29411764705881,175.96607962570621,145.7205882352941,"Angry"
"pomeranian_184.jpg",111.66946945621469,86.16176470588235,186.28528866525423,152.0735294117647,"Angry"
"pomeranian_187.jpg",106.11328125,79.72222222222223,168.45703125,133.65196078431373,"Sad"
"pomeranian_187.jpg",103.30078125,67.9983660130719,178.30078125,149.59640522875816,"Sad"
"pomeranian_187.jpg",83.14453125,40.330065359477125,192.83203125,156.63071895424838,"Sad"
"pomeranian_186.jpg",155.3308823529412,79.04411764705883,210.4779411764706,133.4558823529412,"Happy"
"pomeranian_186.jpg",151.28676470588238,69.48529411764706,218.9338235294118,137.86764705882354,"Happy"
"pomeranian_186.jpg",146.13970588235296,63.602941176470594,220.03676470588238,148.5294117647059,"Happy"
"pomeranian_191.jpg",122.24264705882354,84.9264705882353,186.94852941176472,155.8823529411765,"Happy"
"pomeranian_190.jpg",46.27772177419355,71.58169934640523,114.50352822580646,133.00653594771242,"Normal"
"pomeranian_190.jpg",38.05191532258065,58.52287581699346,133.37449596774195,147.03267973856208,"Normal"
"pomeranian_188.jpg",145.03676470588238,81.25,192.09558823529414,117.64705882352942,"Angry"
"pomeranian_188.jpg",136.5808823529412,56.25000000000001,195.03676470588238,123.16176470588238,"Angry"
"pomeranian_19.jpg",167.66131365740742,116.26470588235296,297.86964699074076,228.48039215686276,"Angry"
"pomeranian_19.jpg",145.67057291666666,69.99019607843138,314.07335069444446,229.6372549019608,"Angry"
"pomeranian_19.jpg",134.6752025462963,48.58823529411765,347.63816550925924,244.6764705882353,"Angry"
"pomeranian_19.jpg",106.31872106481482,12.725490196078432,317.5455729166667,276.49019607843144,"Angry"
"pomeranian_195.jpg",93.72345696489242,42.48366013071895,149.7823471121178,94.48366013071896,"Angry"
"pomeranian_194.jpg",91.95695080091532,80.88235294117646,141.41690503432494,131.37254901960785,"Normal"
"pomeranian_194.jpg",82.65260297482837,73.0392156862745,150.72125286041188,135.2941176470588,"Normal"
"pomeranian_192.jpg",113.80990184757506,55.42483660130719,184.82606812933025,118.12418300653596,"Angry"
"pomeranian_192.jpg",107.57433602771363,43.64705882352941,194.8722575057737,138.90849673202615,"Angry"
"pomeranian_192.jpg",97.5281466512702,38.79738562091503,198.68288106235565,162.81045751633985,"Angry"
"pomeranian_196.jpg",75.96608315098467,52.94117647058823,159.2921225382932,117.15686274509804,"Normal"
"pomeranian_196.jpg",62.2417943107221,41.666666666666664,171.54595185995623,141.66666666666666,"Normal"
"pomeranian_197.jpg",96.08253588516746,130.70098039215688,191.29784688995215,220.22875816993468,"Sad"
"pomeranian_197.jpg",91.77631578947368,115.85947712418302,196.56100478468898,230.76143790849676,"Sad"
"pomeranian_198.jpg",117.83088235294119,96.32352941176471,197.9779411764706,147.05882352941177,"Normal"
"pomeranian_198.jpg",112.68382352941177,86.76470588235294,184.74264705882354,157.72058823529414,"Normal"
"pomeranian_20.jpg",76.79738562091504,153.59477124183007,214.86928104575165,303.921568627451,"Normal"
"pomeranian_20.jpg",76.79738562091504,153.59477124183007,214.86928104575165,303.921568627451,"Happy"
"pomeranian_20.jpg",55.55555555555556,102.94117647058823,256.5359477124183,311.27450980392155,"Happy"
"pomeranian_20.jpg",55.55555555555556,102.94117647058823,256.5359477124183,311.27450980392155,"Normal"
"pomeranian_2.jpg",117.77171415441177,209.9673202614379,218.1614200367647,309.64052287581694,"Normal"
"pomeranian_2.jpg",116.13936121323529,174.83660130718954,270.39671415441177,324.34640522875816,"Normal"
"pomeranian_199.jpg",73.5756172839506,111.27450980392156,180.46097883597884,205.88235294117646,"Sad"
"pomeranian_199.jpg",28.958333333333332,53.92156862745098,220.17526455026456,210.78431372549016,"Sad"
"pomeranian_200.jpg",209.86519607843138,174.01960784313727,250.3063725490196,214.4607843137255,"Normal"
"pomeranian_200.jpg",203.73774509803923,166.05392156862746,258.27205882352945,223.65196078431373,"Normal"
"pomeranian_200.jpg",192.70833333333334,156.25,266.85049019607845,236.51960784313727,"Normal"
"pomeranian_24.jpg",203.73774509803923,80.88235294117648,350.796568627451,225.49019607843138,"Normal"
"pomeranian_24.jpg",191.48284313725492,72.30392156862746,358.7622549019608,232.23039215686276,"Normal"
"pomeranian_24.jpg",180.45343137254903,58.82352941176471,375.91911764705884,267.7696078431373,"Normal"
"pomeranian_25.jpg",205.57598039215688,134.19117647058823,320.1593137254902,223.65196078431373,"Normal"
"pomeranian_25.jpg",182.90441176470588,113.97058823529413,330.5759803921569,235.29411764705884,"Normal"
"pomeranian_25.jpg",162.68382352941177,50.24509803921569,355.69852941176475,242.03431372549022,"Normal"
"pomeranian_22.jpg",190.63545150501673,144.30174309045225,261.98439241917504,200.63842650753767,"Normal"
"pomeranian_22.jpg",177.25752508361205,133.1459641959799,269.2307692307692,213.4675722361809,"Normal"
"pomeranian_21.jpg",228.53957636566332,124.221341080402,283.72352285395766,190.59822550251255,"Happy"
"pomeranian_21.jpg",216.27647714604237,112.50777324120602,296.5440356744705,193.94495917085425,"Happy"
"pomeranian_21.jpg",220.73578595317727,86.29169283919597,297.6588628762542,191.15601444723617,"Happy"
"pomeranian_23.jpg",260.3121516164994,144.30174309045225,334.44816053511704,206.77410489949747,"Normal"
"pomeranian_23.jpg",222.9654403567447,115.29671796482411,327.7591973244147,210.1208385678392,"Normal"
"pomeranian_23.jpg",201.78372352285396,96.88968278894473,334.44816053511704,214.58315012562815,"Normal"
"pomeranian_27.jpg",152.77777777777777,208.33333333333334,229.5751633986928,261.437908496732,"Normal"
"pomeranian_27.jpg",127.45098039215686,194.44444444444443,237.7450980392157,289.2156862745098,"Normal"
"pomeranian_29.jpg",131.64671415441177,142.9738562091503,218.97759650735293,251.63398692810455,"Happy"
"pomeranian_29.jpg",98.99965533088235,130.718954248366,224.69083180147058,274.5098039215686,"Happy"
"pomeranian_29.jpg",75.33053768382352,120.91503267973856,235.30112591911762,294.93464052287584,"Happy"
"pomeranian_28.jpg",89.20553768382352,156.86274509803923,200.20553768382354,241.83006535947715,"Happy"
"pomeranian_28.jpg",82.67612591911765,137.2549019607843,191.22759650735293,265.52287581699346,"Happy"
"pomeranian_28.jpg",70.43347886029412,140.52287581699346,248.35994944852942,324.34640522875816,"Happy"
"pomeranian_3.jpg",214.15441176470588,160.53921568627453,317.70833333333337,264.093137254902,"Normal"
"pomeranian_3.jpg",214.15441176470588,160.53921568627453,317.70833333333337,264.093137254902,"Sad"
"pomeranian_3.jpg",203.12500000000003,140.31862745098042,336.09068627450984,268.9950980392157,"Sad"
"pomeranian_3.jpg",203.12500000000003,140.31862745098042,336.09068627450984,268.9950980392157,"Normal"
"pomeranian_26.jpg",138.0490203089245,178.1045751633987,241.79959239130437,276.1437908496732,"Normal"
"pomeranian_26.jpg",131.513551201373,163.3986928104575,263.8568006292906,292.48366013071893,"Normal"
"pomeranian_30.jpg",335.00557413600893,104.886027892562,399.108138238573,171.17197830578516,"Happy"
"pomeranian_30.jpg",325.5295429208473,80.93396177685952,396.87848383500557,177.29925103305789,"Happy"
"pomeranian_30.jpg",317.7257525083612,64.22321797520662,404.68227424749165,175.07115185950414,"Happy"
"pomeranian_30.jpg",233.5562987736901,106.55710227272728,406.35451505016727,222.9752840909091,"Happy"
"pomeranian_30.jpg",307.13489409141584,81.49098657024794,406.35451505016727,190.11082128099176,"Happy"
"pomeranian_33.jpg",363.4779676258993,136.6013071895425,431.1038669064748,209.21568627450984,"Normal"
"pomeranian_33.jpg",351.96717625899277,125.09803921568627,428.9455935251798,217.12418300653593,"Normal"
"pomeranian_31.jpg",286.47686832740214,62.279411764705884,362.9893238434164,123.37254901960785,"Angry"
"pomeranian_31.jpg",272.2419928825623,54.568627450980394,375.44483985765123,139.38725490196077,"Angry"
"pomeranian_31.jpg",273.4282325029656,42.11274509803921,390.27283511269275,151.25,"Angry"
"pomeranian_32.jpg",175.0278706800446,182.7891802763819,286.51059085841695,285.98013505025125,"Sad"
"pomeranian_32.jpg",154.96098104793757,154.899733040201,274.24749163879596,291.0002355527638,"Sad"
"pomeranian_34.jpg",224.63768115942028,173.3067682160804,286.51059085841695,231.8746074120603,"Normal"
"pomeranian_34.jpg",224.08026755852842,156.57309987437185,310.47937569676697,244.1459641959799,"Normal"
"pomeranian_39.jpg",182.30854943273906,209.90849673202615,303.0540923824959,312.83660130718954,"Normal"
"pomeranian_39.jpg",149.8936385737439,169.3856209150327,342.76235818476493,333.0980392156863,"Normal"
"pomeranian_35.jpg",120.91503267973856,180.55555555555554,193.62745098039215,233.66013071895424,"Angry"
"pomeranian_35.jpg",107.84313725490196,166.66666666666666,225.49019607843138,248.3660130718954,"Angry"
"pomeranian_35.jpg",85.7843137254902,162.58169934640523,200.98039215686273,269.6078431372549,"Angry"
"pomeranian_36.jpg",102.56410256410257,132.7529296875,194.53734671125977,247.61148231907896,"Happy"
"pomeranian_36.jpg",94.20289855072464,118.81378495065789,217.3913043478261,246.49635074013156,"Happy"
"pomeranian_36.jpg",78.03790412486065,121.60161389802632,227.4247491638796,250.39931126644734,"Happy"
"pomeranian_37.jpg",217.15457860615882,119.94771241830065,309.537074554295,205.04575163398692,"Normal"
"pomeranian_37.jpg",217.15457860615882,119.94771241830065,309.537074554295,205.04575163398692,"Happy"
"pomeranian_37.jpg",193.65376823338735,91.58169934640523,317.6408022690438,224.4967320261438,"Normal"
"pomeranian_38.jpg",198.959976340694,195.72549019607843,296.7517744479495,273.0686274509804,"Sad"
"pomeranian_38.jpg",180.82117507886434,172.83823529411765,313.3132886435331,286.4852941176471,"Normal"
"pomeranian_38.jpg",180.82117507886434,172.83823529411765,313.3132886435331,286.4852941176471,"Sad"
"pomeranian_38.jpg",183.97574921135646,137.3235294117647,332.2407334384858,315.68627450980387,"Sad"
"pomeranian_38.jpg",183.97574921135646,137.3235294117647,332.2407334384858,315.68627450980387,"Normal"
"pomeranian_42.jpg",234.6711259754738,152.66857726130652,318.2831661092531,221.27661746231155,"Happy"
"pomeranian_42.jpg",234.6711259754738,152.66857726130652,318.2831661092531,221.27661746231155,"Normal"
"pomeranian_42.jpg",226.30992196209587,138.16606469849245,331.10367892976586,225.18114007537685,"Happy"
"pomeranian_42.jpg",226.30992196209587,138.16606469849245,331.10367892976586,225.18114007537685,"Normal"
"pomeranian_43.jpg",80.06535947712418,210.7843137254902,207.51633986928104,376.6339869281046,"Happy"
"pomeranian_43.jpg",58.8235294117647,179.73856209150327,218.13725490196077,370.9150326797386,"Happy"
"pomeranian_4.jpg",160.23284313725492,96.20098039215686,247.24264705882354,198.5294117647059,"Normal"
"pomeranian_4.jpg",179.2279411764706,66.78921568627452,282.16911764705884,213.23529411764707,"Normal"
"pomeranian_40.jpg",129.32063295615276,191.73692810457518,224.0872524752475,277.3464052287582,"Normal"
"pomeranian_40.jpg",129.32063295615276,191.73692810457518,224.0872524752475,277.3464052287582,"Sad"
"pomeranian_40.jpg",103.8609441301273,170.51143790849673,266.52006718529,304.93954248366015,"Normal"
"pomeranian_41.jpg",262.81601123595505,137.94444444444446,333.9770599250936,200.36274509803923,"Normal"
"pomeranian_41.jpg",260.9433520599251,122.9640522875817,339.5950374531835,212.22222222222223,"Normal"
"pomeranian_41.jpg",235.97456304619226,129.83006535947712,341.4676966292135,224.08169934640523,"Normal"
"pomeranian_48.jpg",198.2230392156863,145.83333333333334,277.8799019607843,224.87745098039215,"Normal"
"pomeranian_48.jpg",198.2230392156863,145.83333333333334,277.8799019607843,224.87745098039215,"Happy"
"pomeranian_48.jpg",174.32598039215688,128.06372549019608,307.2916666666667,245.7107843137255,"Normal"
"pomeranian_48.jpg",174.32598039215688,128.06372549019608,307.2916666666667,245.7107843137255,"Happy"
"pomeranian_47.jpg",263.17401960784315,129.28921568627453,345.28186274509807,207.72058823529414,"Normal"
"pomeranian_47.jpg",236.21323529411765,113.3578431372549,337.31617647058823,216.91176470588238,"Normal"
"pomeranian_47.jpg",202.5122549019608,140.31862745098042,338.5416666666667,235.90686274509807,"Normal"
"pomeranian_45.jpg",209.86519607843138,151.3480392156863,321.99754901960785,271.4460784313726,"Normal"
"pomeranian_45.jpg",193.32107843137257,137.2549019607843,372.85539215686276,299.63235294117646,"Normal"
"pomeranian_45.jpg",179.8406862745098,95.58823529411765,409.00735294117646,311.8872549019608,"Normal"
"pomeranian_46.jpg",277.59197324414714,92.42737123115577,382.38573021181713,209.00526067839195,"Happy"
"pomeranian_46.jpg",254.18060200668896,72.34696922110552,425.8639910813824,224.62335113065325,"Happy"
"pomeranian_46.jpg",241.36008918617614,61.74897927135678,452.06243032329985,236.33691896984922,"Happy"
"pomeranian_44.jpg",214.15441176470588,138.48039215686276,342.8308823529412,291.0539215686275,"Normal"
"pomeranian_44.jpg",198.8357843137255,90.68627450980392,367.34068627450984,308.2107843137255,"Normal"
"pomeranian_44.jpg",196.99754901960785,62.50000000000001,432.9044117647059,333.33333333333337,"Normal"
"pomeranian_5.jpg",163.87959866220737,109.52995008319466,259.19732441471575,199.82945091514142,"Normal"
"pomeranian_5.jpg",152.17391304347825,92.2504159733777,298.21627647714604,215.99417637271213,"Normal"
"pomeranian_5.jpg",140.46822742474916,81.10232945091514,318.2831661092531,235.50332778702162,"Normal"
"pomeranian_51.jpg",192.70833333333334,106.61764705882354,246.6299019607843,159.31372549019608,"Normal"
"pomeranian_51.jpg",184.74264705882354,94.36274509803923,264.39950980392155,191.78921568627453,"Normal"
"pomeranian_52.jpg",131.5359477124183,169.9346405228758,250,296.5686274509804,"Happy"
"pomeranian_52.jpg",115.19607843137254,153.59477124183007,267.9738562091503,309.640522875817,"Happy"
"pomeranian_50.jpg",109.6099494485294,184.640522875817,200.20553768382354,294.11764705882354,"Happy"
"pomeranian_50.jpg",80.22759650735294,166.66666666666666,210.8158318014706,301.47058823529414,"Happy"
"pomeranian_50.jpg",96.55112591911765,138.0718954248366,241.0143612132353,343.9542483660131,"Happy"
"pomeranian_49.jpg",217.218137254902,111.51960784313727,321.3848039215687,201.593137254902,"Normal"
"pomeranian_49.jpg",203.12500000000003,103.55392156862746,331.80147058823536,248.77450980392157,"Normal"
"pomeranian_49.jpg",174.93872549019608,94.36274509803923,348.95833333333337,255.51470588235296,"Normal"
"pomeranian_99.jpg",101.96120689655173,154.41176470588235,207.44889162561577,249.1830065359477,"Normal"
"pomeranian_99.jpg",90.51293103448276,138.88888888888889,228.70997536945814,276.1437908496732,"Normal"
"pomeranian_56.jpg",143.79084967320262,167.48366013071896,323.52941176470586,308.00653594771245,"Sad"
"pomeranian_56.jpg",112.74509803921569,138.88888888888889,352.94117647058823,335.78431372549016,"Sad"
"pomeranian_56.jpg",84.9673202614379,88.23529411764706,366.83006535947715,351.3071895424837,"Sad"
"pomeranian_53.jpg",223.34558823529414,129.90196078431373,294.42401960784315,205.26960784313727,"Happy"
"pomeranian_53.jpg",208.02696078431373,116.421568627451,307.9044117647059,219.36274509803923,"Normal"
"pomeranian_53.jpg",208.02696078431373,116.421568627451,307.9044117647059,219.36274509803923,"Happy"
"pomeranian_55.jpg",143.25529542920847,112.41904362416106,266.44370122630994,200.432466442953,"Normal"
"pomeranian_55.jpg",104.23634336677814,84.0096476510067,274.80490523968786,225.49958053691273,"Normal"
"pomeranian_54.jpg",215.99264705882354,98.03921568627452,310.35539215686276,189.95098039215688,"Happy"
"pomeranian_54.jpg",198.2230392156863,85.17156862745098,326.2867647058824,201.593137254902,"Happy"
"pomeranian_96.jpg",147.74549205378972,138.88888888888889,192.65991748166257,197.71241830065358,"Normal"
"pomeranian_96.jpg",137.12935513447434,123.36601307189542,227.77483190709046,232.84313725490196,"Normal"
"pomeranian_97.jpg",137.12374581939798,145.87233931552586,180.6020066889632,182.6736748747913,"Happy"
"pomeranian_97.jpg",116.49944258639911,130.81724749582636,191.75027870680043,192.71040275459097,"Happy"
"pomeranian_95.jpg",57.91664119804401,254.08496732026143,188.5767878973105,367.6470588235294,"Normal"
"pomeranian_95.jpg",57.91664119804401,254.08496732026143,188.5767878973105,367.6470588235294,"Happy"
"pomeranian_95.jpg",44.85062652811736,223.8562091503268,218.79194682151586,396.2418300653595,"Normal"
"pomeranian_95.jpg",44.85062652811736,223.8562091503268,218.79194682151586,396.2418300653595,"Happy"
"pomeranian_98.jpg",139.92912817551962,106.20915032679738,272.3725461893764,247.54901960784312,"Angry"
"pomeranian_98.jpg",119.49032909930716,86.60130718954248,289.54113741339495,258.16993464052285,"Angry"
"pomeranian_98.jpg",99.05153002309468,71.89542483660131,308.3448325635104,265.52287581699346,"Angry"
"pomeranian_94.jpg",189.520624303233,125.7881711409396,344.4816053511706,254.46602348993287,"Normal"
"pomeranian_94.jpg",179.48717948717947,113.53313758389261,404.6822742474916,304.6002516778523,"Normal"
"pomeranian_93.jpg",166.8365746549561,175.05882352941177,297.9532622333752,291.1372549019608,"Normal"
"pomeranian_93.jpg",152.40746549560853,158.11764705882354,319.28324968632376,304.94117647058823,"Normal"
"pomeranian_92.jpg",82.67612591911765,103.75816993464052,174.90406709558823,209.15032679738562,"Normal"
"pomeranian_92.jpg",82.67612591911765,103.75816993464052,174.90406709558823,209.15032679738562,"Sad"
"pomeranian_9.jpg",215.16164994425864,137.4861577181208,272.5752508361204,174.25125838926175,"Happy"
"pomeranian_9.jpg",211.2597547380156,120.21770134228187,269.78818283166106,181.49286912751677,"Happy"
"pomeranian_91.jpg",225.752508361204,107.43198529411764,299.8885172798216,176.51157006920414,"Happy"
"pomeranian_91.jpg",212.37458193979933,91.83336937716263,319.95540691192866,194.89565311418684,"Happy"
"pomeranian_89.jpg",54.73856209150327,165.84967320261438,290.0326797385621,380.718954248366,"Angry"
"pomeranian_89.jpg",37.58169934640523,133.16993464052288,312.09150326797385,408.49673202614383,"Angry"
"pomeranian_85.jpg",116.13936121323529,139.70588235294116,245.09524356617646,231.20915032679738,"Normal"
"pomeranian_85.jpg",94.91877297794117,111.9281045751634,270.39671415441177,302.2875816993464,"Normal"
"pomeranian_86.jpg",158.39460784313727,101.1029411764706,328.7377450980392,287.9901960784314,"Normal"
"pomeranian_86.jpg",132.046568627451,81.49509803921569,344.05637254901967,294.73039215686276,"Normal"
"pomeranian_88.jpg",209.86519607843138,199.75490196078434,294.42401960784315,265.31862745098044,"Angry"
"pomeranian_88.jpg",196.99754901960785,182.5980392156863,296.2622549019608,280.0245098039216,"Angry"
"pomeranian_87.jpg",308.24972129319957,86.8195285467128,370.1226309921962,148.0998053633218,"Happy"
"pomeranian_87.jpg",294.314381270903,71.77800605536332,365.66332218506136,161.47004757785467,"Happy"
"pomeranian_87.jpg",284.2809364548495,60.07904411764706,384.05797101449275,184.8679714532872,"Happy"
"pomeranian_84.jpg",224.63768115942028,92.98516017587939,342.2519509476031,200.63842650753767,"Happy"
"pomeranian_84.jpg",215.16164994425864,72.90475816582914,364.5484949832776,227.41229585427135,"Happy"
"pomeranian_8.jpg",188.30769230769232,118.02642326732673,285.5919732441472,199.34721534653465,"Normal"
"pomeranian_8.jpg",166.15384615384616,87.71157178217821,289.9264214046823,196.46008663366337,"Normal"
"pomeranian_8.jpg",176.2675585284281,66.05810643564357,301.48494983277595,206.08384900990097,"Normal"
"pomeranian_83.jpg",138.0718954248366,236.11111111111111,206.69934640522877,296.5686274509804,"Happy"
"pomeranian_83.jpg",129.90196078431373,218.13725490196077,220.58823529411765,320.2614379084967,"Happy"
"pomeranian_81.jpg",169.52614379084966,211.60130718954247,350.08169934640523,383.16993464052285,"Normal"
"pomeranian_81.jpg",169.52614379084966,211.60130718954247,350.08169934640523,383.16993464052285,"Happy"
"pomeranian_81.jpg",140.1143790849673,184.640522875817,393.38235294117646,411.7647058823529,"Normal"
"pomeranian_82.jpg",167.78149386845038,119.20124057788944,301.5607580824972,227.41229585427135,"Normal"
"pomeranian_82.jpg",167.78149386845038,119.20124057788944,301.5607580824972,227.41229585427135,"Happy"
"pomeranian_82.jpg",156.63322185061315,91.86958228643216,330.54626532887403,246.37711997487435,"Normal"
"pomeranian_82.jpg",156.63322185061315,91.86958228643216,330.54626532887403,246.37711997487435,"Happy"
"pomeranian_80.jpg",219.0563725490196,211.39705882352942,279.10539215686276,257.3529411764706,"Normal"
"pomeranian_80.jpg",220.28186274509807,196.07843137254903,364.27696078431376,299.0196078431373,"Normal"
"pomeranian_79.jpg",163.87959866220737,90.1962154522613,252.5083612040134,168.84445665829145,"Normal"
"pomeranian_79.jpg",163.87959866220737,90.1962154522613,252.5083612040134,168.84445665829145,"Sad"
"pomeranian_79.jpg",161.09253065774806,62.86455716080402,265.3288740245262,182.7891802763819,"Normal"
"pomeranian_79.jpg",161.09253065774806,62.86455716080402,265.3288740245262,182.7891802763819,"Sad"
"pomeranian_77.jpg",224.08026755852842,149.32184359296483,303.2329988851728,209.00526067839195,"Happy"
"pomeranian_77.jpg",212.9319955406912,128.68365263819095,339.46488294314383,244.1459641959799,"Happy"
"pomeranian_75.jpg",217.80726256983237,78.23529411764706,271.9972067039106,146.97058823529412,"Happy"
"pomeranian_75.jpg",199.93016759776535,71.52941176470588,287.08100558659214,162.61764705882354,"Happy"
"pomeranian_76.jpg",159.31372549019608,165.84967320261438,281.8627450980392,266.33986928104576,"Angry"
"pomeranian_76.jpg",159.31372549019608,165.84967320261438,281.8627450980392,266.33986928104576,"Normal"
"pomeranian_76.jpg",144.6078431372549,135.62091503267973,286.7647058823529,311.27450980392155,"Angry"
"pomeranian_76.jpg",144.6078431372549,135.62091503267973,286.7647058823529,311.27450980392155,"Normal"
"pomeranian_73.jpg",195.0947603121516,120.8746074120603,303.79041248606467,222.3921953517588,"Happy"
"pomeranian_73.jpg",165.55183946488293,99.67862751256281,316.0535117056856,235.221341080402,"Happy"
"pomeranian_70.jpg",195.0947603121516,132.49003547579298,321.6276477146042,246.2396181135225,"Normal"
"pomeranian_70.jpg",167.78149386845038,103.4950438230384,338.90746934225194,278.02258973288815,"Normal"
"pomeranian_72.jpg",89.20553768382352,189.54248366013073,258.97024356617646,325.16339869281046,"Normal"
"pomeranian_72.jpg",62.27171415441176,154.41176470588235,259.7864200367647,341.50326797385617,"Normal"
"pomeranian_74.jpg",209.03010033444815,104.14093907035175,293.75696767001114,178.32686871859295,"Happy"
"pomeranian_74.jpg",192.30769230769232,71.23139133165829,299.33110367892976,192.82938128140702,"Happy"
"pomeranian_71.jpg",268.82181894618833,86.31045751633987,342.81285033632287,138.99346405228758,"Normal"
"pomeranian_71.jpg",251.44513733183854,67.25490196078431,350.0998458520179,144.0375816993464,"Normal"
"pomeranian_68.jpg",84.30847886029412,133.98692810457516,245.09524356617646,304.73856209150324,"Happy"
"pomeranian_68.jpg",43.499655330882355,114.37908496732025,297.33053768382354,294.11764705882354,"Happy"
"pomeranian_69.jpg",68.44095515970515,112.43137254901961,169.1780558968059,199.67320261437908,"Normal"
"pomeranian_69.jpg",53.698940417690416,84.78431372549021,180.84881756756755,240.83660130718954,"Normal"
"pomeranian_66.jpg",130.0143612132353,218.95424836601308,207.55112591911765,291.6666666666667,"Angry"
"pomeranian_66.jpg",116.95553768382352,206.69934640522877,211.6320082720588,313.72549019607845,"Angry"
"pomeranian_7.jpg",210.14492753623188,133.5868288590604,277.59197324414714,210.4593120805369,"Normal"
"pomeranian_7.jpg",210.14492753623188,133.5868288590604,277.59197324414714,210.4593120805369,"Happy"
"pomeranian_67.jpg",77.49450904392765,153.59477124183007,193.44282945736433,308.00653594771245,"Happy"
"pomeranian_67.jpg",57.081072351421184,129.90196078431373,217.12241602067184,320.26143790849676,"Happy"
"pomeranian_63.jpg",185.35539215686276,152.57352941176472,316.4828431372549,262.86764705882354,"Normal"
"pomeranian_63.jpg",163.90931372549022,120.09803921568628,328.125,278.79901960784315,"Normal"
"pomeranian_65.jpg",238.7413611778846,214.66666666666666,297.0346304086538,263.37254901960785,"Angry"
"pomeranian_65.jpg",229.1259765625,202.640522875817,304.2461688701923,275.39869281045753,"Angry"
"pomeranian_61.jpg",160.23284313725492,129.28921568627453,309.1299019607843,248.16176470588238,"Normal"
"pomeranian_61.jpg",144.91421568627453,112.74509803921569,333.639705882353,271.4460784313726,"Normal"
"pomeranian_64.jpg",225.18382352941177,164.82843137254903,295.0367647058824,232.23039215686276,"Normal"
"pomeranian_64.jpg",203.12500000000003,142.15686274509804,304.84068627450984,253.06372549019608,"Normal"
"pomeranian_62.jpg",169.42401960784315,69.24019607843138,272.9779411764706,162.37745098039215,"Normal"
"pomeranian_62.jpg",147.36519607843138,52.083333333333336,292.5857843137255,186.8872549019608,"Normal"
"pomeranian_6.jpg",159.97770345596433,146.3186356073211,348.38350055741364,295.7029950083195,"Normal"
"pomeranian_6.jpg",159.97770345596433,146.3186356073211,348.38350055741364,295.7029950083195,"Angry"
"pomeranian_6.jpg",142.6978818283166,114.54658901830283,367.89297658862876,312.9825291181364,"Normal"
"pomeranian_60.jpg",189.66051633605602,129.5,247.4201429404901,173.25,"Normal"
"pomeranian_60.jpg",166.90672403733956,107.91666666666667,262.0059072345391,189,"Normal"
"pomeranian_59.jpg",201.89950980392157,110.90686274509805,304.84068627450984,222.4264705882353,"Normal"
"pomeranian_59.jpg",174.93872549019608,83.94607843137256,323.8357843137255,247.54901960784315,"Normal"
"pomeranian_57.jpg",108.66013071895425,165.03267973856208,241.83006535947715,275.3267973856209,"Normal"
"pomeranian_57.jpg",99.67320261437908,147.87581699346404,254.90196078431373,290.8496732026143,"Normal"